id;call_id;session_id;feature;method;path;tag;processing_status;http_status;started_at;finished_at;latency_ms;severity;freshness_seconds;completeness_ratio;points;error_message;created_at;updated_at
1;80a13e11-5932-435a-ab2a-7062270a3296;coleta-ui-01;leitura-atual;GET;/v1/sensores;;CONCLUIDA;200;2026-10-05 23:18:20.841000;2026-10-05 23:18:21.054000;134.85;;;;;;2026-10-05 20:18:20;2026-10-05 20:18:21
2;0b7d0b76-1fab-4828-8a62-8e2748971916;coleta-ui-02;leitura-atual;GET;/v1/sensores;;CONCLUIDA;200;2026-10-05 23:18:20.923000;2026-10-05 23:18:21.118000;128.52;;;;;;2026-10-05 20:18:20;2026-10-05 20:18:21
3;9104bff7-91e1-4564-9165-825ccebbe1f1;coleta-script-01;leitura-atual;GET;/v1/sensores;;CONCLUIDA;200;2026-10-05 23:18:20.990000;2026-10-05 23:18:21.194000;145.47;;;;;;2026-10-05 20:18:21;2026-10-05 20:18:21
4;0ae8eb4b-2989-4256-b0e6-3ae37644d458;coleta-ui-01;leitura-atual;GET;/v1/sensores/M-202/leitura-atual;M-202;CONCLUIDA;200;2026-10-05 23:18:21.151000;2026-10-05 23:18:21.612000;418.87;crit;6.69;1.0000;1;;2026-10-05 20:18:21;2026-10-05 20:18:21
5;960c8612-900c-465c-9410-a8e3f67b8103;coleta-ui-02;leitura-atual;GET;/v1/sensores/M-202/leitura-atual;M-202;CONCLUIDA;200;2026-10-05 23:18:21.258000;2026-10-05 23:18:21.406000;77.89;crit;6.69;1.0000;1;;2026-10-05 20:18:21;2026-10-05 20:18:21
6;c48bfeb2-6b77-47eb-938f-861318f8e54b;coleta-script-01;leitura-atual;GET;/v1/sensores/M-202/leitura-atual;M-202;CONCLUIDA;200;2026-10-05 23:18:21.329000;2026-10-05 23:18:21.476000;75.86;crit;6.69;1.0000;1;;2026-10-05 20:18:21;2026-10-05 20:18:21
7;c5f20bab-3c4e-44cc-8863-5e2b2f8851c6;coleta-ui-02;historico;GET;/v1/sensores/M-202/historico;M-202;CONCLUIDA;200;2026-10-05 23:18:21.536000;2026-10-05 23:18:21.918000;307.58;crit;189.41;0.9333;24;;2026-10-05 20:18:21;2026-10-05 20:18:21
8;7b71212e-d52a-46aa-a084-c642cb634b59;coleta-script-01;historico;GET;/v1/sensores/M-202/historico;M-202;CONCLUIDA;200;2026-10-05 23:18:21.745000;2026-10-05 23:18:21.968000;130.44;crit;189.41;0.9333;24;;2026-10-05 20:18:21;2026-10-05 20:18:22
9;6130d179-0a14-4937-a46d-aaa964a4c16a;coleta-ui-01;historico;GET;/v1/sensores/M-202/historico;M-202;CONCLUIDA;200;2026-10-05 23:18:21.856000;2026-10-05 23:18:22.016000;101.88;crit;189.41;0.9333;24;;2026-10-05 20:18:21;2026-10-05 20:18:22
10;738f09c3-83f1-46df-90ae-4fa0d6a330f3;coleta-script-01;leitura-atual;GET;/v1/sensores/M-202/leitura-atual;M-202;CONCLUIDA;200;2026-10-05 23:18:23.030000;2026-10-05 23:18:23.367000;251.29;crit;6.69;1.0000;1;;2026-10-05 20:18:23;2026-10-05 20:18:23
11;4181af94-3769-4b1a-b9cf-acd03d87d745;coleta-ui-02;leitura-atual;GET;/v1/sensores/M-201/leitura-atual;M-201;CONCLUIDA;200;2026-10-05 23:18:23.116000;2026-10-05 23:18:23.423000;240.81;ok;17.68;1.0000;1;;2026-10-05 20:18:23;2026-10-05 20:18:23
12;e0050a0e-618e-488d-a525-e356b10657c1;coleta-ui-01;leitura-atual;GET;/v1/sensores/M-303/leitura-atual;M-303;CONCLUIDA;200;2026-10-05 23:18:23.184000;2026-10-05 23:18:23.285000;7.14;warn;357.33;1.0000;1;;2026-10-05 20:18:23;2026-10-05 20:18:23
13;4a5900d1-f3c7-4674-abdd-3a10a79aebd9;coleta-ui-01;historico;GET;/v1/sensores/M-303/historico;M-303;CONCLUIDA;200;2026-10-05 23:18:23.464000;2026-10-05 23:18:23.731000;221.17;warn;202.33;0.9750;24;;2026-10-05 20:18:23;2026-10-05 20:18:23
14;86084015-e2b8-4ffd-895f-04489a4ee63d;coleta-script-01;historico;GET;/v1/sensores/M-202/historico;M-202;CONCLUIDA;200;2026-10-05 23:18:23.511000;2026-10-05 23:18:23.660000;83.93;crit;189.41;0.9333;24;;2026-10-05 20:18:23;2026-10-05 20:18:23
15;d6545abb-176a-4dc1-b5b9-fde77c908281;coleta-ui-02;historico;GET;/v1/sensores/M-201/historico;M-201;CONCLUIDA;200;2026-10-05 23:18:23.577000;2026-10-05 23:18:23.791000;149.83;ok;159.60;0.9417;24;;2026-10-05 20:18:23;2026-10-05 20:18:23
16;8070c5ef-9a77-4939-99c3-43704b32e404;coleta-script-01;leitura-atual;GET;/v1/sensores/M-301/leitura-atual;M-301;CONCLUIDA;200;2026-10-05 23:18:24.749000;2026-10-05 23:18:24.989000;156.03;ok;384.27;1.0000;1;;2026-10-05 20:18:24;2026-10-05 20:18:25
17;c376b189-2fb5-4bcb-9355-68ca92ea19c5;coleta-ui-01;leitura-atual;GET;/v1/sensores/M-301/leitura-atual;M-301;CONCLUIDA;200;2026-10-05 23:18:24.835000;2026-10-05 23:18:25.045000;135.66;ok;384.27;1.0000;1;;2026-10-05 20:18:24;2026-10-05 20:18:25
18;92945652-cdd4-4b7f-a9bd-6f0678a7bf7d;coleta-ui-02;leitura-atual;GET;/v1/sensores/M-101/leitura-atual;M-101;CONCLUIDA;200;2026-10-05 23:18:24.911000;2026-10-05 23:18:25.115000;131.22;ok;453.74;1.0000;1;;2026-10-05 20:18:24;2026-10-05 20:18:25
19;ae1851f1-b888-4c23-a920-156754421584;coleta-script-01;historico;GET;/v1/sensores/M-301/historico;M-301;CONCLUIDA;200;2026-10-05 23:18:25.218000;2026-10-05 23:18:25.588000;281.58;ok;180.45;0.9667;24;;2026-10-05 20:18:25;2026-10-05 20:18:25
20;e845198e-dfd3-4cd6-9bee-1d06d6dc5436;coleta-ui-01;historico;GET;/v1/sensores/M-301/historico;M-301;CONCLUIDA;200;2026-10-05 23:18:25.308000;2026-10-05 23:18:25.533000;167.08;ok;180.45;0.9667;24;;2026-10-05 20:18:25;2026-10-05 20:18:25
21;d3ff9906-c877-4449-a64e-4c1974ba6462;coleta-ui-02;historico;GET;/v1/sensores/M-101/historico;M-101;CONCLUIDA;200;2026-10-05 23:18:25.366000;2026-10-05 23:18:25.478000;47.59;desconhecida;142.61;0.9250;24;;2026-10-05 20:18:25;2026-10-05 20:18:25
22;f4c10249-a183-4716-a629-9a8339ca6527;coleta-ui-02;leitura-atual;GET;/v1/sensores/M-303/leitura-atual;M-303;CONCLUIDA;200;2026-10-05 23:18:26.554000;2026-10-05 23:18:26.617000;3.36;warn;357.33;1.0000;1;;2026-10-05 20:18:26;2026-10-05 20:18:26
23;7e7037ae-a065-41e5-a93b-1622300739f5;coleta-script-01;leitura-atual;GET;/v1/sensores/M-201/leitura-atual;M-201;CONCLUIDA;200;2026-10-05 23:18:26.664000;2026-10-05 23:18:26.870000;152.44;ok;17.68;1.0000;1;;2026-10-05 20:18:26;2026-10-05 20:18:26
24;33bda2af-f03a-42ba-9c72-fb3af0258f3e;coleta-ui-01;leitura-atual;GET;/v1/sensores/M-303/leitura-atual;M-303;CONCLUIDA;200;2026-10-05 23:18:26.718000;2026-10-05 23:18:26.818000;52.07;warn;357.33;1.0000;1;;2026-10-05 20:18:26;2026-10-05 20:18:26
25;a81e3634-0f91-441c-8925-322fbc02d232;coleta-ui-02;historico;GET;/v1/sensores/M-303/historico;M-303;CONCLUIDA;200;2026-10-05 23:18:26.767000;2026-10-05 23:18:27.053000;238.35;warn;202.33;0.9750;24;;2026-10-05 20:18:26;2026-10-05 20:18:27
26;77041061-4f4a-4057-a5e4-4a4e95da8f43;coleta-ui-01;historico;GET;/v1/sensores/M-303/historico;M-303;CONCLUIDA;200;2026-10-05 23:18:26.942000;2026-10-05 23:18:27.190000;195.04;warn;202.33;0.9750;24;;2026-10-05 20:18:26;2026-10-05 20:18:27
27;a0d497dd-9eb9-4eda-ab25-04cb25829bfc;coleta-script-01;historico;GET;/v1/sensores/M-201/historico;M-201;CONCLUIDA;200;2026-10-05 23:18:26.996000;2026-10-05 23:18:27.126000;75.31;ok;159.60;0.9417;24;;2026-10-05 20:18:27;2026-10-05 20:18:27
28;85410aab-9a16-4802-8014-501a14db8ccb;coleta-ui-02;leitura-atual;GET;/v1/sensores/M-201/leitura-atual;M-201;CONCLUIDA;200;2026-10-05 23:18:28.133000;2026-10-05 23:18:28.192000;4.45;ok;17.68;1.0000;1;;2026-10-05 20:18:28;2026-10-05 20:18:28
29;e195f1a5-2765-4984-8826-f949b712978f;coleta-ui-02;historico;GET;/v1/sensores/M-201/historico;M-201;CONCLUIDA;200;2026-10-05 23:18:28.251000;2026-10-05 23:18:28.613000;298.19;ok;159.60;0.9417;24;;2026-10-05 20:18:28;2026-10-05 20:18:28
30;1670597d-d83c-4662-9f8f-01abe7e0d6c6;coleta-ui-01;leitura-atual;GET;/v1/sensores/M-201/leitura-atual;M-201;CONCLUIDA;200;2026-10-05 23:18:28.317000;2026-10-05 23:18:28.527000;142.02;ok;17.68;1.0000;1;;2026-10-05 20:18:28;2026-10-05 20:18:28
31;9e17849a-7ebb-4a0e-a5d4-68f2de5cbce3;coleta-script-01;leitura-atual;GET;/v1/sensores/M-303/leitura-atual;M-303;CONCLUIDA;200;2026-10-05 23:18:28.386000;2026-10-05 23:18:28.458000;5.01;warn;357.33;1.0000;1;;2026-10-05 20:18:28;2026-10-05 20:18:28
32;d97b4384-fbfa-4b88-a1ad-a2839a9d5665;coleta-script-01;historico;GET;/v1/sensores/M-303/historico;M-303;CONCLUIDA;200;2026-10-05 23:18:28.671000;2026-10-05 23:18:28.819000;88.84;warn;202.33;0.9750;24;;2026-10-05 20:18:28;2026-10-05 20:18:28
33;a20f8f7e-4d1c-44a2-8eb3-0d9f50c3879c;coleta-ui-01;historico;GET;/v1/sensores/M-201/historico;M-201;CONCLUIDA;200;2026-10-05 23:18:28.731000;2026-10-05 23:18:28.878000;77.50;ok;159.60;0.9417;24;;2026-10-05 20:18:28;2026-10-05 20:18:28
34;9e5e5a8e-488a-4fc3-a471-1e035c1d0aea;coleta-ui-02;leitura-atual;GET;/v1/sensores/M-101/leitura-atual;M-101;CONCLUIDA;200;2026-10-05 23:18:29.692000;2026-10-05 23:18:29.772000;4.42;ok;453.74;1.0000;1;;2026-10-05 20:18:29;2026-10-05 20:18:29
35;90065114-6edf-4b35-9277-907f95f5c95d;coleta-ui-02;historico;GET;/v1/sensores/M-101/historico;M-101;CONCLUIDA;200;2026-10-05 23:18:29.871000;2026-10-05 23:18:30.342000;396.83;desconhecida;142.61;0.9250;24;;2026-10-05 20:18:29;2026-10-05 20:18:30
36;90c1cb40-3311-4e9c-973a-f170e3ebc30a;coleta-script-01;leitura-atual;GET;/v1/sensores/M-302/leitura-atual;M-302;CONCLUIDA;200;2026-10-05 23:18:29.946000;2026-10-05 23:18:30.145000;92.59;off;528.96;1.0000;1;;2026-10-05 20:18:30;2026-10-05 20:18:30
37;682a7c0a-0545-4bd8-8378-d8e491236a8f;coleta-ui-01;leitura-atual;GET;/v1/sensores/M-302/leitura-atual;M-302;CONCLUIDA;200;2026-10-05 23:18:30.053000;2026-10-05 23:18:30.219000;84.47;off;528.96;1.0000;1;;2026-10-05 20:18:30;2026-10-05 20:18:30
38;f77a4dfe-35d5-4988-b11e-e818ebacaee3;coleta-script-01;historico;GET;/v1/sensores/M-302/historico;M-302;CONCLUIDA;200;2026-10-05 23:18:30.277000;2026-10-05 23:18:30.530000;189.50;off;149.84;0.9167;24;;2026-10-05 20:18:30;2026-10-05 20:18:30
39;3219bb79-574c-408c-af32-33d96459e1d5;coleta-ui-01;historico;GET;/v1/sensores/M-302/historico;M-302;CONCLUIDA;200;2026-10-05 23:18:30.409000;2026-10-05 23:18:30.490000;18.88;off;149.84;0.9167;24;;2026-10-05 20:18:30;2026-10-05 20:18:30
40;e3235de7-bdb3-4d71-93dc-ea26c1119243;coleta-ui-02;leitura-atual;GET;/v1/sensores/M-202/leitura-atual;M-202;CONCLUIDA;200;2026-10-05 23:18:31.495000;2026-10-05 23:18:31.575000;3.67;crit;16.04;0.6000;1;;2026-10-05 20:18:31;2026-10-05 20:18:31
41;af068e95-c076-41fb-90e3-e9c07ae7ea6f;coleta-ui-01;leitura-atual;GET;/v1/sensores/M-101/leitura-atual;M-101;CONCLUIDA;200;2026-10-05 23:18:31.645000;2026-10-05 23:18:31.801000;103.40;ok;11.94;1.0000;1;;2026-10-05 20:18:31;2026-10-05 20:18:31
42;36cb2be7-a5ac-4981-ad48-c8a170ce5ab4;coleta-script-01;leitura-atual;GET;/v1/sensores/M-302/leitura-atual;M-302;CONCLUIDA;200;2026-10-05 23:18:31.698000;2026-10-05 23:18:31.852000;111.68;off;528.96;1.0000;1;;2026-10-05 20:18:31;2026-10-05 20:18:31
43;9c4d5e97-f4e2-4109-ba28-1cffcf04d8da;coleta-ui-02;historico;GET;/v1/sensores/M-202/historico;M-202;CONCLUIDA;200;2026-10-05 23:18:31.741000;2026-10-05 23:18:31.914000;120.48;crit;189.41;0.9333;24;;2026-10-05 20:18:31;2026-10-05 20:18:31
44;ce692f91-24b9-4995-b3fe-7d434681f43b;coleta-script-01;historico;GET;/v1/sensores/M-302/historico;M-302;CONCLUIDA;200;2026-10-05 23:18:31.972000;2026-10-05 23:18:32.115000;73.32;off;149.84;0.9167;24;;2026-10-05 20:18:32;2026-10-05 20:18:32
45;2f20842c-0efc-4341-9cc5-1d4f14f0e716;coleta-ui-01;historico;GET;/v1/sensores/M-101/historico;M-101;CONCLUIDA;200;2026-10-05 23:18:32.043000;2026-10-05 23:18:32.164000;65.42;desconhecida;142.61;0.9250;24;;2026-10-05 20:18:32;2026-10-05 20:18:32
46;4681e646-7445-49d1-9891-a0b6209c9f9f;coleta-ui-02;leitura-atual;GET;/v1/sensores/M-201/leitura-atual;M-201;CONCLUIDA;200;2026-10-05 23:18:33;2026-10-05 23:18:33.128000;3.77;ok;19.11;1.0000;1;;2026-10-05 20:18:33;2026-10-05 20:18:33
47;765857f4-e3e0-46f6-8f17-a5f7e2f6cbea;coleta-script-01;leitura-atual;GET;/v1/sensores/M-101/leitura-atual;M-101;CONCLUIDA;200;2026-10-05 23:18:33.249000;2026-10-05 23:18:33.539000;221.76;ok;11.94;1.0000;1;;2026-10-05 20:18:33;2026-10-05 20:18:33
48;49a9af5c-096d-4220-8894-356fb058e261;coleta-ui-01;leitura-atual;GET;/v1/sensores/M-301/leitura-atual;M-301;CONCLUIDA;200;2026-10-05 23:18:33.318000;2026-10-05 23:18:33.602000;177.21;ok;14.73;1.0000;1;;2026-10-05 20:18:33;2026-10-05 20:18:33
49;05f7671d-757b-43c1-ac38-81ae28089210;coleta-ui-02;historico;GET;/v1/sensores/M-201/historico;M-201;CONCLUIDA;200;2026-10-05 23:18:33.427000;2026-10-05 23:18:33.668000;142.90;ok;159.60;0.9417;24;;2026-10-05 20:18:33;2026-10-05 20:18:33
50;e91117cd-6b19-467c-a02c-8fec02d6687b;coleta-script-01;historico;GET;/v1/sensores/M-101/historico;M-101;CONCLUIDA;200;2026-10-05 23:18:33.765000;2026-10-05 23:18:33.974000;110.88;desconhecida;142.61;0.9250;24;;2026-10-05 20:18:33;2026-10-05 20:18:34
51;9884e747-5bea-4f26-ac7d-f9f85b8e1ec1;coleta-ui-01;historico;GET;/v1/sensores/M-301/historico;M-301;CONCLUIDA;200;2026-10-05 23:18:33.864000;2026-10-05 23:18:34.052000;104.36;ok;180.45;0.9667;24;;2026-10-05 20:18:33;2026-10-05 20:18:34
52;ec022503-e383-43a7-9a0a-af864e80cb68;coleta-ui-02;leitura-atual;GET;/v1/sensores/M-302/leitura-atual;M-302;CONCLUIDA;200;2026-10-05 23:18:34.795000;2026-10-05 23:18:34.883000;4.12;off;528.96;1.0000;1;;2026-10-05 20:18:34;2026-10-05 20:18:34
53;b449f065-dbc6-4ca2-9d8b-f66535f26b1a;coleta-ui-02;historico;GET;/v1/sensores/M-302/historico;M-302;CONCLUIDA;200;2026-10-05 23:18:34.962000;2026-10-05 23:18:35.004000;4.09;off;149.84;0.9167;24;;2026-10-05 20:18:34;2026-10-05 20:18:35
54;8466f728-a5c5-4caa-b628-7afa40b25513;coleta-ui-01;leitura-atual;GET;/v1/sensores/M-303/leitura-atual;M-303;CONCLUIDA;200;2026-10-05 23:18:35.154000;2026-10-05 23:18:35.376000;149.39;warn;472.17;0.8000;1;;2026-10-05 20:18:35;2026-10-05 20:18:35
55;5fe7883a-c575-4134-997c-7be90f698666;coleta-script-01;leitura-atual;GET;/v1/sensores/M-201/leitura-atual;M-201;CONCLUIDA;200;2026-10-05 23:18:35.228000;2026-10-05 23:18:35.435000;64.96;ok;19.11;1.0000;1;;2026-10-05 20:18:35;2026-10-05 20:18:35
56;3343a1ab-5841-49ab-bb46-52993686c362;coleta-script-01;historico;GET;/v1/sensores/M-201/historico;M-201;CONCLUIDA;200;2026-10-05 23:18:35.494000;2026-10-05 23:18:35.671000;105.06;ok;159.60;0.9417;24;;2026-10-05 20:18:35;2026-10-05 20:18:35
57;3b799562-c184-4836-a21e-f2c81d43de03;coleta-ui-01;historico;GET;/v1/sensores/M-303/historico;M-303;CONCLUIDA;200;2026-10-05 23:18:35.567000;2026-10-05 23:18:35.747000;101.01;warn;202.33;0.9750;24;;2026-10-05 20:18:35;2026-10-05 20:18:35
58;9f951cba-0e79-4868-a8e9-343d99ab9c4c;coleta-ui-02;leitura-atual;GET;/v1/sensores/M-302/leitura-atual;M-302;CONCLUIDA;200;2026-10-05 23:18:36.077000;2026-10-05 23:18:36.106000;1.15;off;528.96;1.0000;1;;2026-10-05 20:18:36;2026-10-05 20:18:36
59;a07aef60-c324-4759-8a50-817fb19f9cf9;coleta-ui-02;historico;GET;/v1/sensores/M-302/historico;M-302;CONCLUIDA;200;2026-10-05 23:18:36.164000;2026-10-05 23:18:36.222000;4.78;off;149.84;0.9167;24;;2026-10-05 20:18:36;2026-10-05 20:18:36
60;8c821d55-65c7-490b-bc84-714ae4b0c62f;coleta-script-01;leitura-atual;GET;/v1/sensores/M-201/leitura-atual;M-201;CONCLUIDA;200;2026-10-05 23:18:36.769000;2026-10-05 23:18:36.941000;95.45;ok;19.11;1.0000;1;;2026-10-05 20:18:36;2026-10-05 20:18:36
61;23d5b3c3-4eeb-452f-9371-c8b556384d38;coleta-ui-01;leitura-atual;GET;/v1/sensores/M-201/leitura-atual;M-201;CONCLUIDA;200;2026-10-05 23:18:36.847000;2026-10-05 23:18:36.995000;71.44;ok;19.11;1.0000;1;;2026-10-05 20:18:36;2026-10-05 20:18:37
62;a471ec58-b6a5-4451-a1e0-20ede4d5659b;coleta-ui-01;historico;GET;/v1/sensores/M-201/historico;M-201;CONCLUIDA;200;2026-10-05 23:18:37.099000;2026-10-05 23:18:37.269000;93.50;ok;159.60;0.9417;24;;2026-10-05 20:18:37;2026-10-05 20:18:37
63;a535f580-3f07-437f-89ae-7ab2b181eec8;coleta-script-01;historico;GET;/v1/sensores/M-201/historico;M-201;CONCLUIDA;200;2026-10-05 23:18:37.177000;2026-10-05 23:18:37.328000;79.06;ok;159.60;0.9417;24;;2026-10-05 20:18:37;2026-10-05 20:18:37
64;63b39b7b-2677-4c12-9294-bc6836adea87;coleta-ui-02;leitura-atual;GET;/v1/sensores/M-102/leitura-atual;M-102;CONCLUIDA;200;2026-10-05 23:18:37.405000;2026-10-05 23:18:37.468000;3.19;warn;248.40;1.0000;1;;2026-10-05 20:18:37;2026-10-05 20:18:37
65;956f1b13-c2f6-407f-b8ea-08e33d877bd1;coleta-ui-02;historico;GET;/v1/sensores/M-102/historico;M-102;CONCLUIDA;200;2026-10-05 23:18:37.540000;2026-10-05 23:18:37.610000;10.24;warn;241.78;0.9083;24;;2026-10-05 20:18:37;2026-10-05 20:18:37
66;3cb364f1-6478-4c04-86bd-5d4e11e10221;coleta-script-01;leitura-atual;GET;/v1/sensores/M-101/leitura-atual;M-101;CONCLUIDA;200;2026-10-05 23:18:38.428000;2026-10-05 23:18:38.686000;176.93;ok;11.94;1.0000;1;;2026-10-05 20:18:38;2026-10-05 20:18:38
67;ee363516-0ea1-4f8c-8d37-9e29559d40ed;coleta-ui-01;leitura-atual;GET;/v1/sensores/M-302/leitura-atual;M-302;CONCLUIDA;200;2026-10-05 23:18:38.510000;2026-10-05 23:18:38.597000;5.27;off;528.96;1.0000;1;;2026-10-05 20:18:38;2026-10-05 20:18:38
68;e37705fa-4568-473e-bc1f-08301f3d32fd;coleta-ui-02;leitura-atual;GET;/v1/sensores/M-102/leitura-atual;M-102;CONCLUIDA;200;2026-10-05 23:18:38.777000;2026-10-05 23:18:39.061000;193.54;warn;248.40;1.0000;1;;2026-10-05 20:18:38;2026-10-05 20:18:39
69;c87acd17-2457-40bb-b71f-ad261237eb71;coleta-ui-01;historico;GET;/v1/sensores/M-302/historico;M-302;CONCLUIDA;200;2026-10-05 23:18:38.868000;2026-10-05 23:18:39.137000;160.67;off;149.84;0.9167;24;;2026-10-05 20:18:38;2026-10-05 20:18:39
70;b4fee8f2-e1a1-4ee4-9584-880bb69a0a68;coleta-script-01;historico;GET;/v1/sensores/M-101/historico;M-101;CONCLUIDA;200;2026-10-05 23:18:38.977000;2026-10-05 23:18:39.228000;180.88;desconhecida;142.61;0.9250;24;;2026-10-05 20:18:39;2026-10-05 20:18:39
71;00c996b4-575f-4c32-a685-7596edf88c73;coleta-ui-02;historico;GET;/v1/sensores/M-102/historico;M-102;CONCLUIDA;200;2026-10-05 23:18:39.299000;2026-10-05 23:18:39.386000;9.81;warn;241.78;0.9083;24;;2026-10-05 20:18:39;2026-10-05 20:18:39
72;7aa126f9-7565-4db8-8729-15fd0adc2a01;coleta-ui-02;observabilidade;GET;/v1/observabilidade;;CONCLUIDA;200;2026-10-05 23:18:39.461000;2026-10-05 23:18:39.677000;157.94;;;;;;2026-10-05 20:18:39;2026-10-05 20:18:39
73;ad8b9ac7-cb56-48f1-a05a-2a20c9875882;coleta-ui-01;leitura-atual;GET;/v1/sensores/M-201/leitura-atual;M-201;CONCLUIDA;200;2026-10-05 23:18:40.321000;2026-10-05 23:18:40.519000;126.89;ok;19.11;1.0000;1;;2026-10-05 20:18:40;2026-10-05 20:18:40
74;2970894f-5cf8-4359-a27f-bdd36e148a3d;coleta-script-01;leitura-atual;GET;/v1/sensores/M-202/leitura-atual;M-202;CONCLUIDA;200;2026-10-05 23:18:40.393000;2026-10-05 23:18:40.471000;4.81;crit;16.04;0.6000;1;;2026-10-05 20:18:40;2026-10-05 20:18:40
75;5681f0d9-ab0b-4454-aeef-a18b3ab80560;coleta-script-01;historico;GET;/v1/sensores/M-202/historico;M-202;CONCLUIDA;200;2026-10-05 23:18:40.578000;2026-10-05 23:18:40.684000;57.08;crit;189.41;0.9333;24;;2026-10-05 20:18:40;2026-10-05 20:18:40
76;d9ba4478-3d74-451a-8781-ee6dac21c044;coleta-ui-01;historico;GET;/v1/sensores/M-201/historico;M-201;CONCLUIDA;200;2026-10-05 23:18:40.627000;2026-10-05 23:18:40.742000;68.78;ok;159.60;0.9417;24;;2026-10-05 20:18:40;2026-10-05 20:18:40
77;69f932be-3762-4d00-b527-6435d2a695e8;coleta-ui-01;observabilidade;GET;/v1/observabilidade;;CONCLUIDA;200;2026-10-05 23:18:40.817000;2026-10-05 23:18:41.132000;239.94;;;;;;2026-10-05 20:18:40;2026-10-05 20:18:41
78;54c5f012-4321-497c-8f54-3abae0991319;coleta-script-01;observabilidade;GET;/v1/observabilidade;;CONCLUIDA;200;2026-10-05 23:18:40.893000;2026-10-05 23:18:41.191000;225.24;;;;;;2026-10-05 20:18:40;2026-10-05 20:18:41
79;0007d944-75d2-4809-bf9d-718287fc0202;coleta-script-02;leitura-atual;GET;/v1/sensores;;CONCLUIDA;200;2026-10-05 23:18:45.124000;2026-10-05 23:18:45.162000;1.18;;;;;;2026-10-05 20:18:45;2026-10-05 20:18:45
80;b644b08d-de02-457b-8373-b8ca884e7839;coleta-script-02;leitura-atual;GET;/v1/sensores/M-303/leitura-atual;M-303;CONCLUIDA;200;2026-10-05 23:18:45.207000;2026-10-05 23:18:45.252000;1.83;warn;472.17;0.8000;1;;2026-10-05 20:18:45;2026-10-05 20:18:45
81;74c069b0-152e-497a-a1af-d71179cfff01;coleta-script-02;historico;GET;/v1/sensores/M-303/historico;M-303;CONCLUIDA;200;2026-10-05 23:18:45.317000;2026-10-05 23:18:45.383000;8.38;warn;202.33;0.9750;24;;2026-10-05 20:18:45;2026-10-05 20:18:45
82;e51de080-5a1f-4d6a-bca9-a932fbc38023;coleta-script-02;leitura-atual;GET;/v1/sensores/M-301/leitura-atual;M-301;CONCLUIDA;200;2026-10-05 23:18:45.956000;2026-10-05 23:18:46.050000;3.62;ok;14.73;1.0000;1;;2026-10-05 20:18:46;2026-10-05 20:18:46
83;1c76cb39-c680-4354-9946-e450f73e63e7;coleta-script-02;historico;GET;/v1/sensores/M-301/historico;M-301;CONCLUIDA;200;2026-10-05 23:18:46.119000;2026-10-05 23:18:46.198000;8.22;ok;180.45;0.9667;24;;2026-10-05 20:18:46;2026-10-05 20:18:46
84;4de47aa8-934a-43ae-83b1-18f8c7ac847f;sem-sessao;desconhecida;GET;/v1/sensores/M-101/leitura-atual;M-101;CONCLUIDA;200;2026-10-05 23:18:48.359000;2026-10-05 23:18:48.456000;3.26;ok;11.94;1.0000;1;;2026-10-05 20:18:48;2026-10-05 20:18:48
85;7e9d4bed-c7e7-4650-8d93-90ea597f9af6;sem-sessao;desconhecida;GET;/v1/sensores/M-101/leitura-atual;M-101;CONCLUIDA;200;2026-10-05 23:18:50.609000;2026-10-05 23:18:50.700000;1.35;ok;11.94;1.0000;1;;2026-10-05 20:18:50;2026-10-05 20:18:50
86;b47c8ba3-8b0a-40af-b282-9eec77d3a4ec;sem-sessao;desconhecida;GET;/v1/sensores/M-101/leitura-atual;M-101;CONCLUIDA;200;2026-10-05 23:18:52.820000;2026-10-05 23:18:52.907000;3.56;ok;11.94;1.0000;1;;2026-10-05 20:18:52;2026-10-05 20:18:52
87;0a3c6dea-c24d-4d28-9e80-5f10119bc758;sem-sessao;desconhecida;GET;/v1/sensores/M-101/leitura-atual;M-101;CONCLUIDA;200;2026-10-05 23:18:55.059000;2026-10-05 23:18:55.128000;3.59;ok;11.94;1.0000;1;;2026-10-05 20:18:55;2026-10-05 20:18:55
88;23bb6107-5d2e-40b6-b17b-298234794a96;anomalia-tag-invalida;leitura-atual;GET;/v1/sensores/M-900/leitura-atual;;FALHA;404;2026-10-05 23:18:57.235000;2026-10-05 23:18:57.295000;1.91;;;;;;2026-10-05 20:18:57;2026-10-05 20:18:57
89;85f52d1d-f536-438d-9382-3917f85f5466;anomalia-tag-invalida;leitura-atual;GET;/v1/sensores/M-901/leitura-atual;;FALHA;404;2026-10-05 23:18:59.408000;2026-10-05 23:18:59.501000;2.45;;;;;;2026-10-05 20:18:59;2026-10-05 20:18:59
90;7ef34b35-b686-4c61-be1d-388d64b72ecf;anomalia-tag-invalida;leitura-atual;GET;/v1/sensores/M-902/leitura-atual;;FALHA;404;2026-10-05 23:19:01.577000;2026-10-05 23:19:01.679000;3.09;;;;;;2026-10-05 20:19:01;2026-10-05 20:19:01
91;c60d7b86-94fd-4091-8283-7833fec16639;anomalia-tag-invalida;leitura-atual;GET;/v1/sensores/M-903/leitura-atual;;FALHA;404;2026-10-05 23:19:03.802000;2026-10-05 23:19:03.903000;3.26;;;;;;2026-10-05 20:19:03;2026-10-05 20:19:03
92;813917e8-a089-408d-8fdb-742dff1412e6;coleta-script-02;observabilidade;GET;/v1/observabilidade;;CONCLUIDA;200;2026-10-05 23:19:06.018000;2026-10-05 23:19:06.311000;207.43;;;;;;2026-10-05 20:19:06;2026-10-05 20:19:06
93;44c89763-a473-407a-8c86-787d42bcf3d1;relatorio-final;leitura-atual;GET;/v1/sensores;;CONCLUIDA;200;2026-10-05 23:19:09.870000;2026-10-05 23:19:09.962000;3.13;;;;;;2026-10-05 20:19:09;2026-10-05 20:19:10
94;8172c9cf-a526-436b-8a8f-aeb6d168de6a;relatorio-final;observabilidade;GET;/v1/observabilidade;;CONCLUIDA;200;2026-10-05 23:19:10.053000;2026-10-05 23:19:10.333000;208.47;;;;;;2026-10-05 20:19:10;2026-10-05 20:19:10
